cell,0,60,120,180,240,300,360,420,480,540,600,660,720,780,840,900,960,1020,1080,1140,1200,1260,1320,1380,1440,1500,1560,1620,1680,1740,1800,1860,1920,1980,2040,2100,2160,2220,2280,2340,2400,2460,2520,2580,2640,2700,2760,2820,2880,2940,3000,3060,3120,3180,3240,3300,3360,3420,3480,3540,3600,3660,3720,3780,3840,3900,3960,4020,4080,4140,4200,4260,4320,4380
1,1.0024993546409222,1.0016253244805173,1.0035367504107557,1.0059104876940312,1.0098664659651706,1.0123847778503434,1.014654320873915,1.0147564477135265,1.0145920052540263,1.0111662430913437,1.0070050600478073,1.0038652991934849,1.0009096748418291,0.9994110080532431,0.997262707878634,0.9952097388362584,0.9938357465816103,0.9932433913693189,0.9930965708946944,0.992833955118579,0.9917950547069125,0.9916556788534946,0.9921581618436908,0.992970451809931,0.9939995216276261,0.9940188332154485,0.9946527948077024,0.9985637100431236,1.0019213385963388,1.0079094983147563,1.0115838351986346,1.0141371726852157,1.0174010372980906,1.016886207259913,1.0138271720182002,1.006823973798462,1.002937940431242,0.9993315330421588,0.9964916892878195,0.9944855202203927,0.9934821280146757,0.9932391570028336,0.9913263470062063,0.9908793263632707,0.9916532691413121,0.9910684460049121,0.9914894089272744,0.9928827973117926,0.9931988473034594,0.9938909130558908,0.9959344522282111,0.9969390625602251,0.9976979988961098,0.9989189555443329,1.004163406612775,1.0077694554564665,1.0114040859762607,1.0119463670668052,1.0112309100273824,1.0106360208674674,1.0050593008750983,1.0017475722791254,0.9984017619591377,0.9961650136680653,0.9958937148346065,0.9933711985849911,0.993610165611376,0.9929326782574921,0.9912840581087744,0.9913715040059251,0.9931775702701229,0.9927701462592481,0.9918686780187084,0.9913788260505061
2,1.0076703330720616,1.006338876617985,1.006214414391894,1.0061544683658001,1.0050451729452574,1.0037867088368875,1.002112773735111,1.0014854989152495,1.0010503851422847,0.9997281541688079,0.9992588465807299,0.9978046170146685,0.9972257287154641,0.9965483322288811,0.995903004763157,0.9956642727123611,0.9964988377544562,0.9979426428191536,0.9976408007767681,0.9965478437712953,0.9963917007056482,0.9958271433741782,0.9964183447157658,0.9975623284839814,0.9978685127845652,0.9990019954511022,1.0003682564095582,1.0021361302050604,1.0042406938106987,1.0040336832980103,1.003871191651,1.0030560713615766,1.0032644892244382,1.00328232602521,1.003029368126932,1.0021541742352913,1.000855776035193,1.0008985673217454,1.0000663079471461,0.99958705817338,0.9991861605816004,0.9977477020997028,0.995788607505509,0.9951552582235892,0.9952793429815631,0.9951373715608587,0.9955914440589341,0.9971766178234847,0.9979600980822935,0.9982169528275997,1.002617748045445,1.0038028311377662,1.0046389597715253,1.0034399642494738,1.0032607541346001,1.0041369655898869,1.0034735928475436,1.0030813867951631,1.0035227948042336,1.0041971690496656,1.001722609679571,1.0006525379171278,1.000682692627572,0.9984811358674929,0.9977006359500538,0.9963991186139546,0.9960433106499953,0.9964388090218561,0.9953854562036851,0.9956540449956388,0.9982783871042248,0.9978323831363252,0.9978356185962524,0.9989457047970399
3,1.0085766940325294,1.0082553642036616,1.0118817847969444,1.01601471727258,1.0184829687024277,1.021551746017005,1.020927092498673,1.0194850059973146,1.0130788397859594,1.0080307364252092,1.00484986676919,1.00330276602742,0.9986399518964619,0.9971549983207275,0.9953132661058282,0.994738993182591,0.9942077846142596,0.9943963741340801,0.9931220923528865,0.9927191463485185,0.9925344679431526,0.9927544901011542,0.9936560298421788,0.99492316030096,0.9973310058801819,0.9986779626496645,1.0005793096774924,1.004208787893552,1.0099036606237108,1.0123450578473006,1.0122346359816956,1.0105940294548073,1.0067932336000092,1.0045221005712792,1.0005773177796988,0.9983364758339384,0.9970898351127004,0.996098688340945,0.9943912520404865,0.9945126748218969,0.9932869658345125,0.9925480054730664,0.993181905929391,0.9921110708706798,0.9917554365631472,0.9924191267234818,0.9926558703836477,0.9940821883261953,0.9939113738660208,0.9939787836224221,0.9978927633865491,1.0007794981857263,1.0023688104840671,1.0032915136255958,1.0028085478421345,1.0038180933984633,1.004055835213805,1.002768320352019,1.0009822075230965,1.0004909018393582,0.9973717899379705,0.995726817627587,0.9946439658293146,0.9932994604041878,0.9935708422722345,0.9933278001195398,0.9934769341976619,0.992870605271419,0.9922055305621658,0.9930967692281825,0.9964983545877015,0.9968582115042146,0.9952786195984311,0.995792713634936
4,1.0110200270588188,1.0086677998023996,1.0080640438547608,1.0077700372705156,1.0075798872576,1.0094778568857978,1.0090687276692505,1.0085983270485899,1.0064204547107836,1.0046562573746503,1.0018652834972013,1.0006188775700766,0.9994451565722392,0.9975431463214084,0.9960980545397503,0.9959970395754956,0.9963743025944307,0.9967655461808241,0.9962997773354415,0.9954370519483297,0.9960732218222891,0.997222334604994,0.9982457649713425,0.9995325110278267,1.0000656811493813,1.001387840061145,1.0038717522502703,1.007008704177042,1.0089050710373977,1.0099689462089414,1.0087907997792307,1.0073143743127408,1.0050452149985931,1.0028735715151644,1.000527923566443,0.9993509409861526,0.99748774796143,0.9973060054965198,0.9967068291982978,0.9960588480641418,0.9957406604757447,0.995863811562958,0.9955375650325602,0.9946959467434322,0.9941019495382946,0.9954632964327602,0.9952032852970442,0.9958832545038958,0.999322137368481,1.0002880275257453,1.0033032255841707,1.003680273147249,1.0033893752512246,1.0033272367155994,1.003508938723722,1.0020451381510223,1.0008198245584543,0.9981681564117263,0.9971452119890388,0.9989536492204595,0.997482923079497,0.9954175984089533,0.9944592513476754,0.994027994629862,0.9942571172337362,0.994768311019344,0.9953421767028926,0.9953483924544312,0.9939517774182756,0.994298928365661,0.9964040822343743,0.9954829101266934,0.9950309080299831,0.9957749264573332
5,1.0054432642127915,1.0051854408281566,1.0093577733149757,1.0128788805510953,1.0181335404258738,1.0195536700897851,1.0210207035603605,1.0201772261693263,1.017058615852515,1.0130088662843268,1.0094025372115003,1.0053088298002213,1.001836151656158,0.9994936359384148,0.9972510348022787,0.9951850758822917,0.9936821787469489,0.9937041289443558,0.9926511909733662,0.9910910820115542,0.9906136161556328,0.9911180399179917,0.991952794355344,0.992060292404853,0.9933251761173397,0.9951149287124338,0.9968047874213802,0.9988113721435081,1.0022514434476268,1.0084165061535173,1.0121110053589049,1.0131076989077252,1.0135051029415119,1.0106793217035936,1.009217102894982,1.0046316863172808,1.0003753970777716,0.9986111523233814,0.997338505894454,0.9954621589580589,0.9934033758549278,0.9923730857898441,0.9922466681228952,0.9908936634501951,0.9904118902078011,0.9908501583491404,0.9916975110727909,0.9937820159742249,0.9937266330825129,0.993856786420694,0.9973098973503728,0.9984583860628544,0.9992790434818563,1.0004552906292346,1.0038036470003762,1.0054386189991393,1.007485525093235,1.0060547720682178,1.0041055295570707,1.0035033352228506,1.0009403771717147,0.9980404098284962,0.9954473530047968,0.9946679591463095,0.9948183340321227,0.9918777940084779,0.991625396681917,0.9928126544192452,0.9906429489151017,0.9911558490857204,0.9938935215370278,0.9930882759413234,0.9921383678859437,0.9927830080879672
6,1.0064300181476626,1.0066233024090496,1.0121820961221213,1.0149082998947105,1.0206636648508347,1.0221691471514236,1.0229139679252441,1.0204566652051115,1.0171475928611535,1.0127772406784745,1.0090480682643383,1.0050494838323962,1.000108250634094,0.9972453957047382,0.9954377686061748,0.9924188083333161,0.9921967615037095,0.9930384848320436,0.9926289572284813,0.9916163177483602,0.9913434841124901,0.9920485268373054,0.9936653232666178,0.9950839985220518,0.997031486682282,1.0000906410723334,1.0027425022186138,1.007936922885006,1.009607243994253,1.0116589950564348,1.010707596335803,1.0093749635839766,1.0082420222494215,1.0051707136125607,1.0016320919544937,0.9996116767686105,0.9965408608628706,0.9945404162044696,0.9950407042567065,0.9940925985413342,0.9928992919684823,0.9922261730324083,0.9922448528772605,0.9913601030690252,0.9910001830788082,0.9917071009464905,0.9928477693472313,0.9943773846203368,0.9944431876343474,0.9946593617327978,0.9983036106711598,0.9999799381251978,1.0008909806434585,1.0011550017830628,1.0048915390248958,1.0068586209792263,1.0063903717344593,1.004126787492663,1.0019369573579533,1.002007619737547,1.0004878017730714,0.9958900194030005,0.9940570092068879,0.9929798189497158,0.9929132853470057,0.9905246816446218,0.990321301290724,0.99258960164447,0.9902209587098447,0.9907002646221339,0.9935027029546876,0.9929280595719184,0.9928373444425244,0.9945172536315043
7,1.0124603435941792,1.0111088556837236,1.0120676979811252,1.0131925352501296,1.0134435163332458,1.0118240049093405,1.0109441319482124,1.009376848492027,1.006382970881684,1.0033841932975074,1.0009439329075585,0.9994362329163654,0.9977863157699969,0.9973256333793882,0.9963397304989658,0.9960270249658457,0.9971470152662022,0.9974129348428686,0.9969110605645973,0.9960158720296302,0.9957967306120302,0.9965025818107215,0.9974630995530246,0.9976215406992758,0.9998336676383363,1.0026335837214404,1.0037475902905382,1.0030995370713336,1.005424170477601,1.0103067112504294,1.0106223571797974,1.0111374949539973,1.0055840511482537,1.0021034804578868,1.0007728633348423,1.0008833310696887,0.9986064538841185,0.9975742556911029,0.9958526864891227,0.995659342836483,0.9963078133974949,0.995767655744654,0.9950163652857923,0.9944903661007347,0.9941813879498184,0.9947919334250747,0.9951937238869946,0.9968010327011234,0.9978535619190033,0.9980443021174354,0.9996618705640923,0.9994550383785802,0.9989269798091753,0.9989379331163275,1.0002258794543422,1.0003603325991537,1.0000511301516677,0.9987728354276492,0.9982383981185925,0.9990001498957713,0.9979281283468135,0.9966957408644911,0.9954970098033987,0.9947504767296784,0.9956393131773178,0.9945864178727585,0.9944356836116923,0.9952163681826892,0.9939574588404836,0.9946895818677832,0.9974550501488034,0.9952671810331647,0.9948910705052776,0.9961554472895446
8,1.0067290321048794,1.007248135343633,1.0127058444060135,1.0154886912505119,1.0214259563798413,1.0244738268462323,1.0253746643505377,1.023188493007818,1.0179159362479449,1.0128197190894248,1.006869059193676,1.0028927827664655,0.999569858447011,0.9970912845252353,0.9942096921006315,0.992530536044943,0.9923084642170353,0.9931502823076014,0.9927407085989254,0.9917279551146249,0.9914550907628135,0.9921602128621929,0.9937771913124059,0.9951960262840186,0.9971437336948251,1.0002032324881833,1.002855392184204,1.0080503976447672,1.0097209068007882,1.0117728888515898,1.0108213830213377,1.0094886002401018,1.008355531357639,1.0052838769491312,1.0017448569087515,0.9993116686169918,0.9973530764163518,0.9950775072988668,0.993184953405079,0.992925350870862,0.9918726106956054,0.9913360883782615,0.9912763904775609,0.9910511579952088,0.990906951393924,0.9915371754764234,0.9919814734151186,0.9930615623941772,0.9946091492241741,0.9947924992160776,0.99749205201439,0.9993934178723769,1.0006566732767046,1.0012514357421272,1.005699938548513,1.0074804127523713,1.0077686627687636,1.005690284128795,1.0036722096942605,1.0034686088819875,1.0001999995542346,0.9958583024062564,0.9936819979427287,0.9925148460296466,0.992566225734362,0.9907254098847675,0.9904570664129058,0.9915174399408185,0.9901041511541139,0.9902952366409629,0.9924423392968682,0.9923699589038871,0.9924319514970003,0.9934935199407261
9,1.0109903310377488,1.011743520338987,1.0184557502338492,1.0261437650359901,1.0288295594906511,1.0294418676317074,1.025928561707744,1.0222614706280522,1.0168679871874633,1.0110921484849111,1.003204732636792,1.0004106336859193,0.9957309354194805,0.9931117953474059,0.9901167164175304,0.9886228825893225,0.98792009497213,0.9879863627815555,0.9889600715077368,0.9878879979864581,0.9882314875646824,0.9899598955438766,0.9915622337182591,0.995523559473366,0.9987862500673991,1.0047973405302142,1.0125246434178474,1.0180902172079291,1.0234521296927117,1.0228296076447156,1.0195119883627612,1.0165420450113603,1.0105724809232275,1.0057558623863512,1.0023876286842255,0.9964121511822603,0.9931700263813559,0.9914140996454909,0.9899690032648425,0.9883469579515637,0.9880669699383404,0.9869356217985885,0.9866025774089254,0.9873677240776425,0.9854946383255114,0.9863994261718954,0.9900311633658462,0.9931402864124512,0.9979439894362921,1.0002515105377667,1.0066020191036653,1.0089066754169949,1.009042779800691,1.0101332928671527,1.012121977247776,1.0071216984796694,1.0061374462737607,1.0025014176752984,0.9977268332541438,0.9974986145373166,0.9933500878489852,0.9901477275317604,0.9882633258949461,0.9878358945278232,0.9879149811503464,0.985698539015777,0.9867682977001542,0.9885980308294435,0.9864651607618423,0.9875018429669076,0.9920230304562202,0.9912585605825739,0.9921464441655645,0.9964546206620554
10,1.0158213882844846,1.0163194768870227,1.019548900347304,1.02568943078585,1.0277368939345999,1.0268134992822056,1.022667867965802,1.0171371601891608,1.0104794561615646,1.007725816929827,1.0034347203275094,1.0005766887456529,0.9977990221345929,0.996361491230045,0.995266926715578,0.9939609329135555,0.9937278430548799,0.9942929748352352,0.993449741850354,0.9928009217580667,0.9933595588756567,0.9938938728026497,0.994808335334209,0.9971471812951975,0.9985067726005117,1.0008691501407245,1.0030209437516997,1.0090588030021972,1.0111932726913557,1.0117692777808498,1.0091906431353124,1.0028101966034426,1.0026063193864752,1.0009188374548907,0.9989555021810769,0.9972741641054874,0.9950094218972678,0.9939280673949551,0.993445970913,0.9928545855951212,0.9930998826201678,0.9924971053407343,0.9914332682368238,0.9918291316982539,0.9930610140621895,0.9921528570088161,0.9935067870029581,0.9953654593137823,0.9977280862776644,0.9979470605809133,1.0023218090433204,1.0035213877620077,1.0091191928588064,1.0082846439624982,1.0083695240936899,1.0015811748995531,0.9998375999052583,0.9970973721888997,0.9968187421143782,0.9985843452010456,0.9963484542365565,0.9941453125833241,0.9923491750501724,0.9908442820432221,0.9913136312425034,0.9904902484155822,0.9902977174007679,0.9894828709322903,0.9889190495691464,0.9907599124896063,0.9933491455372929,0.992045915491185,0.9911022126705401,0.9921635968906755
11,1.0111768289598562,1.0161487473972688,1.0216736274032507,1.0206148598829357,1.0232843966757479,1.0246809427763521,1.0246018901118878,1.0199790331247345,1.0136534340878929,1.0067807813717158,1.0019267572352721,0.9964317828601413,0.9934260428804393,0.9914276707060409,0.9886848143253292,0.9870002718334976,0.9866655414050167,0.9876785674584143,0.9884489649000157,0.9878571883343135,0.9886606685640024,0.9899005462806024,0.9913568101433607,0.9948654129805713,0.9995262910270559,1.0055153434632336,1.013029919459684,1.017273719470394,1.024397047768184,1.0257397248381832,1.024727947467473,1.0194061838743669,1.0133216850261308,1.0059107887073133,1.0016634763175303,0.9957178783966575,0.9930376204405772,0.9901254569830886,0.9886697575722915,0.9870461132778915,0.9860310312131519,0.9857268660534653,0.9859280028871761,0.986365984486318,0.9872679447617521,0.98906704529764,0.9914768663244449,0.9963397306129761,0.9993070069179721,1.0014768138724657,1.0066488161965768,1.009452371146841,1.0107071738539373,1.0119690583185006,1.0130254572838193,1.0109880714129174,1.00684993527127,1.0025244402188807,0.999838705471166,0.9973526094647518,0.9943561424068107,0.9912199376959606,0.989110625231758,0.9872856685775302,0.9873658814631459,0.986798990680335,0.9867338604993785,0.9874973153115484,0.9869584649450711,0.9882357918075592,0.9918338461504217,0.9926873081870459,0.9935471098309305,0.9959905903577483
12,1.0156349757228276,1.0212614994348832,1.032550738431081,1.0393224078266692,1.044769555531962,1.0432409874737825,1.035486447020504,1.0261828800918946,1.0182846434512507,1.0090627235234633,1.0006270255975103,0.9972160790944139,0.9931883799418555,0.9910005450781053,0.9884968612525769,0.9866980804370081,0.9864055999407557,0.9880595106228092,0.9868432305051802,0.9856515377636473,0.9859616791980504,0.987007998791703,0.988592277155248,0.9912337943591496,0.9975649202689099,1.0039975157226986,1.0116448955858968,1.0192162351959797,1.0252275735978387,1.0230406450985108,1.0201895719610714,1.0129690418664383,1.0083941827654768,1.0022318610684124,0.9973737407017738,0.9935413275722093,0.9914238766626439,0.9895372354212776,0.9879625669646165,0.9873463764390276,0.9863174700074296,0.9854080608074448,0.9850354956125786,0.9845306985439116,0.9848101900456592,0.9854058603448287,0.9869483595800306,0.9903179716205656,0.9922954723298828,0.9942198608660648,1.001411541358969,1.0062198703370657,1.011840593584312,1.0135076822828601,1.015490627524315,1.0145918851763098,1.0102141116090466,1.0039761654596835,1.0013485224500034,0.9987552404277659,0.9945755225701808,0.9907184443139542,0.9885009831826701,0.9875127066864653,0.9872774320983237,0.9857150873236165,0.9858843481185864,0.9849327993527511,0.9839935754652208,0.9852487250531229,0.9878323405031604,0.9895261146465255,0.9892622710053611,0.991932944572237
13,1.0263371843688451,1.0290635530489647,1.0324679008399338,1.031933504586896,1.0290934822760711,1.024330208620238,1.0174885373190183,1.010892443144858,1.0058352600452438,1.0030886118271212,0.9982082958162054,0.9962342348970996,0.9929535263954303,0.991288878453124,0.9896751481694969,0.9898295858872341,0.9907239141331543,0.9921048657480114,0.9939395079500555,0.9943819626820587,0.9959182946705112,0.9978916658653407,1.0000053426526283,1.001999206061195,1.0055654945136439,1.0074363651260914,1.0093120857638185,1.0112504428543767,1.012345907389712,1.0112301952220937,1.0072119232821903,1.0038745425204878,1.000699925173479,0.9985137218206064,0.9961447935470835,0.9941458264595018,0.9929292842634552,0.992084495108945,0.9909617043175004,0.9907554056168273,0.9918203913594666,0.9915022920097314,0.9898861114100186,0.9899512770731765,0.9922235318359139,0.993405945101315,0.9944356644586139,0.9972873215385238,0.9998463614825944,1.0012497772304876,1.0033224857037613,1.003778780304731,1.000992910715304,1.0004335497768735,0.9998270491442113,0.9985876639695908,0.9969667167185516,0.9951038121138956,0.9947625397047585,0.9948697395878242,0.9926930181727782,0.9911816153913285,0.9899938354532625,0.9895381496616174,0.9907866411956254,0.9917159327014635,0.9918872421510041,0.993804558193871,0.9932010316298473,0.9946161030135601,0.997921591944373,0.9980962914220292,0.9972887674016168,0.9968740719897136
14,1.0319096597019346,1.035637231097259,1.0416235106312581,1.0459367568713906,1.037475439506767,1.0322705484445167,1.0236977806874277,1.0154219677380245,1.0087415270406581,1.0025784551980592,0.9971860629871432,0.9945545816021271,0.9909158068528422,0.9887687559502473,0.9864582657856485,0.9863426523812764,0.9869940860125022,0.9885976686405759,0.9899180342888061,0.9900698161897503,0.9926954576974997,0.9952455988861789,0.9973532318311897,1.0009604195912425,1.0053686304548102,1.0089628921190041,1.0115653837227385,1.0151786885175444,1.017580213507023,1.0170357659638722,1.0120407369042697,1.0088313347289797,1.0040453752894418,0.9994344480625492,0.9951669458845838,0.9913320513167789,0.9889681387703676,0.9879457457557129,0.9868401869631825,0.9867113404990135,0.9872851266823073,0.987122857735798,0.9865213280737789,0.9874195653293969,0.9895456573405931,0.9915268565842692,0.9936386595642464,0.9973239251978004,1.0009636801785884,1.0031475978163211,1.0060800334126376,1.0070511173966987,1.0043281398519193,1.0030619079258951,1.0032599547524377,1.0013080394629905,0.9989517207803769,0.9948023407118985,0.9932346115021831,0.9928939876187196,0.9903335761336962,0.9882136695859018,0.9867895869374728,0.9838438838257346,0.9851984864128167,0.9854660438072858,0.9859879053935052,0.9901563881497025,0.9896358030329633,0.991515121795729,0.9966956546489345,1.0002030077260233,0.9992833346962028,0.9988492358609763
15,1.0020379115860667,1.0061050090747812,1.0175186763995323,1.030029731332852,1.0460812647108786,1.0590707758529085,1.0677836434779107,1.0663595587924433,1.0511021971103354,1.036070124994259,1.0193983900503456,1.0074540327331192,0.9998174105937461,0.9940350707747424,0.9884330568707326,0.9847933338391854,0.9825425339418841,0.9827491964589576,0.9808076438718307,0.9790535937026282,0.979110600583947,0.9793586543463536,0.9791713439455835,0.9805606176172621,0.9821528244480661,0.9864067163274118,0.9917172883117406,1.001779113987171,1.0122799168632535,1.022986042385137,1.0338309915486437,1.0397183107170638,1.0375105723228688,1.0254104622630251,1.0136400417613982,1.0048338193205508,0.9970979979186144,0.9916200911658639,0.988013214621741,0.9839344481285319,0.9824379097495293,0.9798277396779209,0.9792337374246906,0.9783866946855793,0.9779132599184679,0.9778330443188581,0.9775789734084384,0.9795717157205677,0.9833260298665997,0.984337569317327,0.9912836385003573,0.9947402407414735,1.0001152367571877,1.0078477224498719,1.0146894897603689,1.021946009978404,1.0228048756448487,1.0184567747963245,1.0127583198934944,1.0080292374023594,0.9997448796126172,0.9951814731023967,0.9893263149010468,0.985822091791954,0.9846800188260897,0.9809243245268383,0.9805394589470389,0.9803204723249036,0.9785800250719078,0.9794544142344382,0.9814552079145232,0.979383514601526,0.9787786232023553,0.9803147361763047
16,1.0147826117887542,1.0145056202129916,1.0159926951245208,1.015224466892672,1.0144432334430875,1.0126991504548346,1.0110171285566416,1.0086274222747091,1.0062018436999127,1.0041311597443043,1.0019815303631685,1.0008588584929414,1.0005219457047172,0.9987218838364845,0.9977838624460207,0.9973545541272443,0.9974619828941752,0.9985440900321706,0.9968884738554863,0.9962778751570708,0.9961309693079229,0.9947586422912678,0.9956433459794165,0.9977068407149213,1.000540848316357,1.0027800524917594,1.0033759363874664,1.0047099745693118,1.0064494814477623,1.007658196677732,1.0063816386394437,1.005104076958975,1.0027082315892686,1.000768619938388,0.9985879285449527,0.9970960736997453,0.9959957271745875,0.9954408913898118,0.9944195223593721,0.9937890999167228,0.9936839246118254,0.9918845188868852,0.9919580504663856,0.9927765487626692,0.9931036203527921,0.9942348993181852,0.9966314372544753,0.9984237691649438,1.0002431414384134,1.00119513741115,1.0036259009310489,1.0039674834048296,1.003325734084615,1.0013273022255529,0.9999738447646644,0.9997232378352776,0.9990345052169424,0.9978199779871404,0.9969998006072378,0.9970187161170923,0.9952758520198484,0.9933667739918653,0.9926341067758899,0.9919701782031586,0.9930468652687373,0.9939037884967279,0.9940280069892006,0.9952794891927386,0.9949352847871843,0.9961107848180624,0.9999184124846462,0.9993528936614182,0.9990409744289549,1.0001185505423582
17,1.0059903128572414,1.0088838451486009,1.0171259264723695,1.0271111639805708,1.0408750655870003,1.0513652266667184,1.053100028641997,1.0499568437543303,1.0443414918703762,1.0298471061507375,1.0182211028501347,1.0103316349747096,1.0025273993747426,0.9961465345584039,0.9915391295422158,0.9876750605457038,0.9850340105763032,0.9853423484618313,0.9822998884989704,0.9813807745761461,0.9822337572228383,0.9825969975212736,0.9836593339326836,0.9867962830295205,0.9909261354029204,0.9966498032593238,1.0053938168276013,1.0143477949880941,1.0270011574641502,1.0345809408635367,1.0369404535794453,1.0300182264699689,1.0233200197307641,1.0149357489010802,1.0057685627051491,1.0008597950770453,0.9942745815633898,0.9910468037149919,0.9874711875989682,0.9862101532505887,0.9844437468994423,0.983131876479273,0.9822091234048513,0.981425188989489,0.9813968045669006,0.9808188961126516,0.9814662414752249,0.983321159544683,0.9866587031384507,0.9896527787257485,0.9944490146585823,0.998612002928707,1.0024229635390147,1.003536596868036,1.0092221695467867,1.0119978872118671,1.0102981779306697,1.0061337436555438,1.002337803557534,0.9992300632850993,0.9965462375554783,0.9902863271036565,0.9876910403040865,0.984558045193267,0.9841264563052952,0.9824758352898109,0.9822048741924311,0.9823984497800309,0.9804580705957817,0.9809510116441402,0.9830165095440335,0.982915682969449,0.9823042557281587,0.9831758130833902
18,1.0100447730569369,1.0129224022925856,1.0210927383603488,1.0325446413304342,1.039542471806803,1.049806999013869,1.0561218187390928,1.0531578432813513,1.038980172979381,1.027902676358867,1.014394287493535,1.0031413351102263,0.9972504529664679,0.9922975497435974,0.9868521871734812,0.9842434068632532,0.9824042779337984,0.9825351708735596,0.9823116542678165,0.9810922998374308,0.9811677001123349,0.9807961185824872,0.9814203358121517,0.9834128833804745,0.9859333377387746,0.9904968467628538,0.9975004977582476,1.007403184723454,1.0167684920551876,1.023679641516938,1.0263292729666642,1.0262623001226765,1.0217865757485312,1.0172509789930566,1.009973297907233,1.0041260157456915,0.9986469419480332,0.9942528650749859,0.9901081861320479,0.9885028900695094,0.9863012363155401,0.9835484318783837,0.9818772229828057,0.9812875495433461,0.9808956146234631,0.9818552276180632,0.9818068726558771,0.982858155916537,0.9856044225664401,0.9862557672129606,0.9922543425648518,0.996159099512261,1.0020755008968119,1.0064812130374508,1.0117304906925293,1.016241965428798,1.0163016268006813,1.0124216027926665,1.0105141494042735,1.0077337228325869,1.0024231394622338,0.9970456620550198,0.9937508501145482,0.9883177113850671,0.9874804370981913,0.9852015281336222,0.9846768256147544,0.9832150939860347,0.9814430001118064,0.9825180073062899,0.9849542639343485,0.9830395296724466,0.9825883828522525,0.9846838303628882
19,1.0089289405524178,1.011116567419605,1.016601780796986,1.0221286541097963,1.0259005869575584,1.0284636655129051,1.0288135007493624,1.0255109664274396,1.017808239038792,1.0113221368698022,1.005114814254847,0.9992241264472213,0.9955064742426939,0.9924437814499899,0.9887331357634225,0.9866890683056351,0.9864892140049695,0.9873539400090665,0.9872436633851998,0.986462888539519,0.9868539977610772,0.987628609828567,0.9896040794691463,0.9935996461093471,0.9987112859681432,1.0053977615936907,1.0129080593838617,1.018051594681245,1.024612212692457,1.026483413990497,1.026904164718346,1.0218414757570768,1.015533689507535,1.0083255448428552,1.00255966018261,0.9965057847602878,0.9935011000491669,0.9898547292900095,0.9884830145383249,0.9869296914357895,0.9858296023932319,0.9851900899469448,0.9849225006085042,0.9848541876091255,0.9855145438625134,0.9873539392833736,0.9896062125848726,0.993684991450797,0.996723179208404,0.9985426599082236,1.0043212981821585,1.0077864368887501,1.0102569213703378,1.0125628860251912,1.0131907285567703,1.0121413958719754,1.009210575418333,1.005299305975201,1.0019376889899088,0.9988151539433946,0.9947985953663551,0.9915068363922904,0.9890613014351293,0.9869778946144901,0.9870328412402808,0.9864266400317135,0.9861631531803466,0.9863746455953458,0.9853307974380471,0.9868902659453636,0.9900237656695458,0.9902460324522028,0.9909437100647148,0.9943335610989081
20,1.0143337842036781,1.0148956133725264,1.0210546730440029,1.0255295762214425,1.0274296667870106,1.0242331556943134,1.0200999029104154,1.0147040128871483,1.0092136806070449,1.0049515231661927,1.0009507282972783,0.9964827765106051,0.9946667804586559,0.9924945399390507,0.9903266982051528,0.9897318567401305,0.9896913473480676,0.9906951843579518,0.9898220455421345,0.9891006416219228,0.9908129373567705,0.9917125100374383,0.9941598394836905,0.9968137763774263,0.9991451279958253,1.0027422427710113,1.0065917658949433,1.0109649098915092,1.0135272178470416,1.0144486625944333,1.010563714965262,1.0078214268645234,1.003822403123771,1.0001916440210903,0.9967457518504339,0.9938792626806304,0.9920532798395334,0.990792268853958,0.9901507895443477,0.9901972403506345,0.9896007977636041,0.9886437118647845,0.9887806660740147,0.9893973434691083,0.9901742629000886,0.9913272879139023,0.9937496848039711,0.9961189924293812,0.9990038785127312,0.9991838013002958,1.0040737648403575,1.0058287714485432,1.0077057680597539,1.006818846887779,1.0060540686431632,1.0039476792755402,1.0008666747235935,0.998323249563152,0.9963088543826495,0.9966586108056389,0.9927886665291721,0.9910082181266769,0.9885716381937377,0.9876583308609219,0.9881774511758875,0.9891821930589247,0.9922910394062897,0.9936997794150763,0.9938030573402635,0.9971421010615455,1.003967971892382,1.0093320313759253,1.0109154553623991,1.0113503902797427
21,1.0051996448737828,1.0047849470685646,1.0074555641694085,1.0109607128649334,1.01328643832808,1.016442803826116,1.0166728511223695,1.0140410346968336,1.010995258227704,1.0077484098100964,1.0029107037668274,0.9996878205421994,0.9979597290649028,0.9969633214013637,0.9937417479041241,0.9936278393715196,0.9932597841508225,0.9936709390025118,0.9930006625589006,0.9921210308022805,0.993128986086264,0.9937947863937067,0.9946540683361389,0.9956019399751468,0.9961539025741324,0.9982344397416336,1.0017212152681296,1.0047812040092545,1.007844390806901,1.0097841075345015,1.01192603527717,1.0135297374003136,1.0112184960418258,1.007363084323183,1.0037178440077676,1.001091335763582,0.999600064187841,0.9968783093547574,0.9947737037128757,0.9939387684228078,0.994382173985276,0.9939266218951095,0.9926699689315008,0.9920725175867767,0.9918861278419322,0.9923420054711412,0.9932580770665113,0.994770466262479,0.9965148475483633,0.9969820635058801,1.0003483880497,1.0021816552389475,1.0039024971280046,1.0051379239547884,1.0075887431442843,1.0084128529681795,1.0063016025117497,1.004269322859039,1.0028089520369827,1.002837927436213,1.0013411205033675,0.9970665754497442,0.9952178253178124,0.9937144552667244,0.9936376901286803,0.9935726042602856,0.9934859845475853,0.9927890805312477,0.9918598991228834,0.9928347790559238,0.9951998268845698,0.994089747671273,0.9936179554827403,0.9947100575830294
22,1.0061429813907816,1.0055937857602808,1.0092611368919513,1.0142370466229773,1.016459154174816,1.0199257972628983,1.0203750066686872,1.017464303045861,1.0152181575111303,1.0122066098073348,1.0066575184982591,1.001783563962448,0.9987154207045975,0.9957238500093276,0.9918823605018028,0.990771273846159,0.990850765938981,0.9914439705711278,0.9909775906820052,0.989981871915912,0.990580736932952,0.9923188856956339,0.9931275736993647,0.9946374311001541,0.9964439274058542,0.9978428956955102,1.0021164173566952,1.0063973037825955,1.0097103118323216,1.0129944195395224,1.0143206467391688,1.015583150715768,1.0145619901110017,1.0105760830018813,1.0065450767917343,1.0043330021081271,1.0010693204178778,0.9974626123391594,0.9946633235128375,0.992526769037119,0.9922154587078601,0.9914913944566248,0.9904303653543325,0.990105417400203,0.9889384812214734,0.9894321181469474,0.9912648276616998,0.9923198114951418,0.9943498079651261,0.9951139101165924,0.9998248134662693,1.0019685015021202,1.0051894300074375,1.0060795310982114,1.008719940829165,1.008982967158993,1.0085471442049927,1.0064224829853488,1.00336160556071,1.0034218112409201,1.001338946269384,0.9979533675814081,0.9951424895709361,0.992684792317639,0.9927396524038969,0.9908654163237747,0.9907585473593099,0.9910545165327855,0.9889435296248199,0.9890832271628109,0.9917967764282991,0.9915851871301944,0.9917000898827556,0.9926895972492014
23,1.0102528551569336,1.0103733742110692,1.0137195871648728,1.0193872193067857,1.0203013364596953,1.0205158543578663,1.019574876263999,1.0155252286757341,1.0124428110013228,1.008020918716529,1.0039269711628434,1.000283062287933,0.9983258115035922,0.9971010287626044,0.9945371377505259,0.9934656731107394,0.9933642020196887,0.9948118891720679,0.9940437546584647,0.9918825442387253,0.9923267035668609,0.9939480390930461,0.9958793734594255,0.9973406861337356,0.9990078115777071,1.00359092172192,1.0069257868699886,1.0115896288743438,1.0153742875826612,1.0160415582594635,1.0147664112159775,1.0121889849034857,1.0074352462765057,1.004583286183724,1.001505403717234,0.9986820134839383,0.9955599063896965,0.9940579010535783,0.9933274881200865,0.9929860799070731,0.9927601970635915,0.9918924597620173,0.9917791243514376,0.9918053280868032,0.9918555271392004,0.992970566284062,0.99383094509963,0.9959812909623913,0.9981768346935619,0.9984041560005291,1.0024089192738403,1.0027390401311338,1.00269154909003,1.0000323284932169,1.0013827648669182,1.00087545060063,0.9993874543737814,0.9981301580154913,0.9973832317327994,0.9997195334847446,0.9975553112033845,0.995460016730144,0.9941484918884932,0.9925116510873141,0.9924921688138719,0.9886787259425193,0.9884990297889952,0.9909499445106739,0.9904015799768745,0.9918468042137575,0.9932947014745308,0.9932065768154144,0.9930940934286479,0.9946803902471133
24,1.0118669736096977,1.0127546653010746,1.016968688748818,1.0226969098688925,1.0243527420678824,1.0249313495829462,1.0239250820499097,1.0197479957241957,1.0159760460126586,1.008677192021347,1.0036501026767064,0.9993008102774675,0.9970009869094493,0.9954516433882189,0.9923619849308944,0.9907642109224716,0.990494330882823,0.9914012950626319,0.9909144672214263,0.989005210203861,0.9899440450297715,0.9920898355349329,0.994613708803658,0.9962748188175201,0.9987232272118914,1.0044797578777573,1.00913544065241,1.0141824749058093,1.0190754287800754,1.0199528521671197,1.01849576254649,1.014743861150842,1.0086069432805216,1.0056687732150575,1.0006315455056733,0.9971382084728935,0.9932895025265001,0.9909511446753542,0.9899467518097803,0.9895741046753976,0.9895114644852175,0.988837519993764,0.9889408518949121,0.9892555185245504,0.9895038745033067,0.9903278824746288,0.9916750300118687,0.9944398107791494,0.9973244128160177,0.9977424345710196,1.0017809090876486,1.002480927507057,1.0031596618188865,1.003611962725688,1.0062589365863264,1.0052408548932728,1.00430364699204,1.0023803205638786,0.9999546072972706,0.9994152636278366,0.9962136034092155,0.9919776328179128,0.9900224039479288,0.988653661935697,0.9887156628358849,0.9878737942454392,0.9881065692851893,0.9896429692579218,0.9892813429674597,0.9911071216746551,0.9947148726975894,0.9950458360013136,0.9954218723899338,0.9973158902766864
